featureName,brain1,brain1_2d,brain1_FBN,brain1_flatRegion,brain1_normalization,brain1_resampling,brain1_resegmentation,brain2,brain2_2d,brain2_FBN,brain2_flatRegion,brain2_normalization,brain2_resampling,brain2_resegmentation,breast1,breast1_2d,breast1_FBN,breast1_flatRegion,breast1_normalization,breast1_resampling,breast1_resegmentation,lung1,lung1_2d,lung1_FBN,lung1_flatRegion,lung1_normalization,lung1_resampling,lung1_resegmentation,lung2,lung2_2d,lung2_FBN,lung2_flatRegion,lung2_normalization,lung2_resampling,lung2_resegmentation
diagnostics_Configuration_TestCase,brain1,brain1,brain1,brain1,brain1,brain1,brain1,brain2,brain2,brain2,brain2,brain2,brain2,brain2,breast1,breast1,breast1,breast1,breast1,breast1,breast1,lung1,lung1,lung1,lung1,lung1,lung1,lung1,lung2,lung2,lung2,lung2,lung2,lung2,lung2
diagnostics_Mask-original_BoundingBox,"(162, 84, 11, 47, 70, 7)","(162, 84, 11, 47, 70, 7)","(162, 84, 11, 47, 70, 7)","(162, 84, 11, 47, 70, 7)","(162, 84, 11, 47, 70, 7)","(162, 84, 11, 47, 70, 7)","(162, 84, 11, 47, 70, 7)","(205, 155, 8, 20, 15, 3)","(205, 155, 8, 20, 15, 3)","(205, 155, 8, 20, 15, 3)","(205, 155, 8, 20, 15, 3)","(205, 155, 8, 20, 15, 3)","(205, 155, 8, 20, 15, 3)","(205, 155, 8, 20, 15, 3)","(21, 64, 8, 9, 12, 3)","(21, 64, 8, 9, 12, 3)","(21, 64, 8, 9, 12, 3)","(21, 64, 8, 9, 12, 3)","(21, 64, 8, 9, 12, 3)","(21, 64, 8, 9, 12, 3)","(21, 64, 8, 9, 12, 3)","(206, 347, 32, 24, 26, 3)","(206, 347, 32, 24, 26, 3)","(206, 347, 32, 24, 26, 3)","(206, 347, 32, 24, 26, 3)","(206, 347, 32, 24, 26, 3)","(206, 347, 32, 24, 26, 3)","(206, 347, 32, 24, 26, 3)","(318, 333, 15, 87, 66, 11)","(318, 333, 15, 87, 66, 11)","(318, 333, 15, 87, 66, 11)","(318, 333, 15, 87, 66, 11)","(318, 333, 15, 87, 66, 11)","(318, 333, 15, 87, 66, 11)","(318, 333, 15, 87, 66, 11)"
diagnostics_Configuration_EnabledImageTypes,{'Original': {}},{'Original': {}},{'Original': {}},{'Original': {}},{'Original': {}},{'Original': {}},{'Original': {}},{'Original': {}},{'Original': {}},{'Original': {}},{'Original': {}},{'Original': {}},{'Original': {}},{'Original': {}},{'Original': {}},{'Original': {}},{'Original': {}},{'Original': {}},{'Original': {}},{'Original': {}},{'Original': {}},{'Original': {}},{'Original': {}},{'Original': {}},{'Original': {}},{'Original': {}},{'Original': {}},{'Original': {}},{'Original': {}},{'Original': {}},{'Original': {}},{'Original': {}},{'Original': {}},{'Original': {}},{'Original': {}}
diagnostics_Configuration_Settings,"{'distances': [1], 'voxelArrayShift': 2000, 'additionalInfo': True, 'force2D': False, 'interpolator': None, 'resampledPixelSpacing': None, 'gldm_a': 0, 'weightingNorm': None, 'normalizeScale': 1, 'normalize': False, 'force2Ddimension': 0, 'removeOutliers': None, 'minimumROISize': None, 'binWidth': 25, 'label': 1, 'minimumROIDimensions': 1, 'preCrop': False, 'resegmentRange': None, 'padDistance': 5}","{'distances': [1], 'additionalInfo': True, 'force2D': True, 'interpolator': 'sitkBSpline', 'resampledPixelSpacing': None, 'label': 1, 'normalizeScale': 1, 'normalize': False, 'force2Ddimension': 0, 'removeOutliers': None, 'minimumROISize': None, 'minimumROIDimensions': 2, 'preCrop': False, 'resegmentRange': None, 'padDistance': 5}","{'distances': [1], 'additionalInfo': True, 'force2D': False, 'interpolator': 'sitkBSpline', 'resampledPixelSpacing': None, 'label': 1, 'normalizeScale': 1, 'normalize': False, 'force2Ddimension': 0, 'removeOutliers': None, 'minimumROISize': None, 'binCount': 64, 'minimumROIDimensions': 2, 'preCrop': False, 'resegmentRange': None, 'padDistance': 5}","{'distances': [1], 'additionalInfo': True, 'force2D': False, 'interpolator': 'sitkBSpline', 'resampledPixelSpacing': None, 'label': 1, 'normalizeScale': 1, 'normalize': False, 'force2Ddimension': 0, 'removeOutliers': None, 'minimumROISize': None, 'binWidth': 5000, 'minimumROIDimensions': 2, 'preCrop': False, 'resegmentRange': [0], 'padDistance': 5}","{'distances': [1], 'additionalInfo': True, 'force2D': False, 'interpolator': 'sitkBSpline', 'resampledPixelSpacing': None, 'label': 1, 'normalizeScale': 100, 'normalize': True, 'force2Ddimension': 0, 'removeOutliers': None, 'minimumROISize': None, 'binWidth': 5, 'minimumROIDimensions': 2, 'preCrop': False, 'resegmentRange': None, 'padDistance': 5}","{'distances': [1], 'additionalInfo': True, 'force2D': False, 'interpolator': 'sitkBSpline', 'resampledPixelSpacing': [2, 2, 2], 'label': 1, 'normalizeScale': 1, 'normalize': False, 'force2Ddimension': 0, 'removeOutliers': None, 'minimumROISize': None, 'minimumROIDimensions': 2, 'preCrop': False, 'resegmentRange': None, 'padDistance': 5}","{'distances': [1], 'additionalInfo': True, 'resegmentMode': 'sigma', 'force2D': False, 'interpolator': 'sitkBSpline', 'resampledPixelSpacing': None, 'label': 1, 'normalizeScale': 1, 'normalize': False, 'force2Ddimension': 0, 'removeOutliers': None, 'minimumROISize': None, 'minimumROIDimensions': 2, 'preCrop': False, 'resegmentRange': [-3, 3], 'padDistance': 5}","{'distances': [1], 'voxelArrayShift': 2000, 'additionalInfo': True, 'force2D': False, 'interpolator': None, 'resampledPixelSpacing': None, 'gldm_a': 0, 'weightingNorm': None, 'normalizeScale': 1, 'normalize': False, 'force2Ddimension': 0, 'removeOutliers': None, 'minimumROISize': None, 'binWidth': 25, 'label': 1, 'minimumROIDimensions': 1, 'preCrop': False, 'resegmentRange': None, 'padDistance': 5}","{'distances': [1], 'additionalInfo': True, 'force2D': True, 'interpolator': 'sitkBSpline', 'resampledPixelSpacing': None, 'label': 1, 'normalizeScale': 1, 'normalize': False, 'force2Ddimension': 0, 'removeOutliers': None, 'minimumROISize': None, 'minimumROIDimensions': 2, 'preCrop': False, 'resegmentRange': None, 'padDistance': 5}","{'distances': [1], 'additionalInfo': True, 'force2D': False, 'interpolator': 'sitkBSpline', 'resampledPixelSpacing': None, 'label': 1, 'normalizeScale': 1, 'normalize': False, 'force2Ddimension': 0, 'removeOutliers': None, 'minimumROISize': None, 'binCount': 64, 'minimumROIDimensions': 2, 'preCrop': False, 'resegmentRange': None, 'padDistance': 5}","{'distances': [1], 'additionalInfo': True, 'force2D': False, 'interpolator': 'sitkBSpline', 'resampledPixelSpacing': None, 'label': 1, 'normalizeScale': 1, 'normalize': False, 'force2Ddimension': 0, 'removeOutliers': None, 'minimumROISize': None, 'binWidth': 5000, 'minimumROIDimensions': 2, 'preCrop': False, 'resegmentRange': [0], 'padDistance': 5}","{'distances': [1], 'additionalInfo': True, 'force2D': False, 'interpolator': 'sitkBSpline', 'resampledPixelSpacing': None, 'label': 1, 'normalizeScale': 100, 'normalize': True, 'force2Ddimension': 0, 'removeOutliers': None, 'minimumROISize': None, 'binWidth': 5, 'minimumROIDimensions': 2, 'preCrop': False, 'resegmentRange': None, 'padDistance': 5}","{'distances': [1], 'additionalInfo': True, 'force2D': False, 'interpolator': 'sitkBSpline', 'resampledPixelSpacing': [2, 2, 2], 'label': 1, 'normalizeScale': 1, 'normalize': False, 'force2Ddimension': 0, 'removeOutliers': None, 'minimumROISize': None, 'minimumROIDimensions': 2, 'preCrop': False, 'resegmentRange': None, 'padDistance': 5}","{'distances': [1], 'additionalInfo': True, 'resegmentMode': 'sigma', 'force2D': False, 'interpolator': 'sitkBSpline', 'resampledPixelSpacing': None, 'label': 1, 'normalizeScale': 1, 'normalize': False, 'force2Ddimension': 0, 'removeOutliers': None, 'minimumROISize': None, 'minimumROIDimensions': 2, 'preCrop': False, 'resegmentRange': [-3, 3], 'padDistance': 5}","{'distances': [1], 'voxelArrayShift': 2000, 'additionalInfo': True, 'force2D': False, 'interpolator': None, 'resampledPixelSpacing': None, 'gldm_a': 0, 'weightingNorm': None, 'normalizeScale': 1, 'normalize': False, 'force2Ddimension': 0, 'removeOutliers': None, 'minimumROISize': None, 'binWidth': 25, 'label': 1, 'minimumROIDimensions': 1, 'preCrop': False, 'resegmentRange': None, 'padDistance': 5}","{'distances': [1], 'additionalInfo': True, 'force2D': True, 'interpolator': 'sitkBSpline', 'resampledPixelSpacing': None, 'label': 1, 'normalizeScale': 1, 'normalize': False, 'force2Ddimension': 0, 'removeOutliers': None, 'minimumROISize': None, 'minimumROIDimensions': 2, 'preCrop': False, 'resegmentRange': None, 'padDistance': 5}","{'distances': [1], 'additionalInfo': True, 'force2D': False, 'interpolator': 'sitkBSpline', 'resampledPixelSpacing': None, 'label': 1, 'normalizeScale': 1, 'normalize': False, 'force2Ddimension': 0, 'removeOutliers': None, 'minimumROISize': None, 'binCount': 64, 'minimumROIDimensions': 2, 'preCrop': False, 'resegmentRange': None, 'padDistance': 5}","{'distances': [1], 'additionalInfo': True, 'force2D': False, 'interpolator': 'sitkBSpline', 'resampledPixelSpacing': None, 'label': 1, 'normalizeScale': 1, 'normalize': False, 'force2Ddimension': 0, 'removeOutliers': None, 'minimumROISize': None, 'binWidth': 5000, 'minimumROIDimensions': 2, 'preCrop': False, 'resegmentRange': [0], 'padDistance': 5}","{'distances': [1], 'additionalInfo': True, 'force2D': False, 'interpolator': 'sitkBSpline', 'resampledPixelSpacing': None, 'label': 1, 'normalizeScale': 100, 'normalize': True, 'force2Ddimension': 0, 'removeOutliers': None, 'minimumROISize': None, 'binWidth': 5, 'minimumROIDimensions': 2, 'preCrop': False, 'resegmentRange': None, 'padDistance': 5}","{'distances': [1], 'additionalInfo': True, 'force2D': False, 'interpolator': 'sitkBSpline', 'resampledPixelSpacing': [2, 2, 2], 'label': 1, 'normalizeScale': 1, 'normalize': False, 'force2Ddimension': 0, 'removeOutliers': None, 'minimumROISize': None, 'minimumROIDimensions': 2, 'preCrop': False, 'resegmentRange': None, 'padDistance': 5}","{'distances': [1], 'additionalInfo': True, 'resegmentMode': 'sigma', 'force2D': False, 'interpolator': 'sitkBSpline', 'resampledPixelSpacing': None, 'label': 1, 'normalizeScale': 1, 'normalize': False, 'force2Ddimension': 0, 'removeOutliers': None, 'minimumROISize': None, 'minimumROIDimensions': 2, 'preCrop': False, 'resegmentRange': [-3, 3], 'padDistance': 5}","{'distances': [1], 'voxelArrayShift': 2000, 'additionalInfo': True, 'force2D': False, 'interpolator': None, 'resampledPixelSpacing': None, 'gldm_a': 0, 'weightingNorm': None, 'normalizeScale': 1, 'normalize': False, 'force2Ddimension': 0, 'removeOutliers': None, 'minimumROISize': None, 'binWidth': 25, 'label': 1, 'minimumROIDimensions': 1, 'preCrop': False, 'resegmentRange': None, 'padDistance': 5}","{'distances': [1], 'additionalInfo': True, 'force2D': True, 'interpolator': 'sitkBSpline', 'resampledPixelSpacing': None, 'label': 1, 'normalizeScale': 1, 'normalize': False, 'force2Ddimension': 0, 'removeOutliers': None, 'minimumROISize': None, 'minimumROIDimensions': 2, 'preCrop': False, 'resegmentRange': None, 'padDistance': 5}","{'distances': [1], 'additionalInfo': True, 'force2D': False, 'interpolator': 'sitkBSpline', 'resampledPixelSpacing': None, 'label': 1, 'normalizeScale': 1, 'normalize': False, 'force2Ddimension': 0, 'removeOutliers': None, 'minimumROISize': None, 'binCount': 64, 'minimumROIDimensions': 2, 'preCrop': False, 'resegmentRange': None, 'padDistance': 5}","{'distances': [1], 'additionalInfo': True, 'force2D': False, 'interpolator': 'sitkBSpline', 'resampledPixelSpacing': None, 'label': 1, 'normalizeScale': 1, 'normalize': False, 'force2Ddimension': 0, 'removeOutliers': None, 'minimumROISize': None, 'binWidth': 5000, 'minimumROIDimensions': 2, 'preCrop': False, 'resegmentRange': [0], 'padDistance': 5}","{'distances': [1], 'additionalInfo': True, 'force2D': False, 'interpolator': 'sitkBSpline', 'resampledPixelSpacing': None, 'label': 1, 'normalizeScale': 100, 'normalize': True, 'force2Ddimension': 0, 'removeOutliers': None, 'minimumROISize': None, 'binWidth': 5, 'minimumROIDimensions': 2, 'preCrop': False, 'resegmentRange': None, 'padDistance': 5}","{'distances': [1], 'additionalInfo': True, 'force2D': False, 'interpolator': 'sitkBSpline', 'resampledPixelSpacing': [2, 2, 2], 'label': 1, 'normalizeScale': 1, 'normalize': False, 'force2Ddimension': 0, 'removeOutliers': None, 'minimumROISize': None, 'minimumROIDimensions': 2, 'preCrop': False, 'resegmentRange': None, 'padDistance': 5}","{'distances': [1], 'additionalInfo': True, 'resegmentMode': 'sigma', 'force2D': False, 'interpolator': 'sitkBSpline', 'resampledPixelSpacing': None, 'label': 1, 'normalizeScale': 1, 'normalize': False, 'force2Ddimension': 0, 'removeOutliers': None, 'minimumROISize': None, 'minimumROIDimensions': 2, 'preCrop': False, 'resegmentRange': [-3, 3], 'padDistance': 5}","{'distances': [1], 'voxelArrayShift': 2000, 'additionalInfo': True, 'force2D': False, 'interpolator': None, 'resampledPixelSpacing': None, 'gldm_a': 0, 'weightingNorm': None, 'normalizeScale': 1, 'normalize': False, 'force2Ddimension': 0, 'removeOutliers': None, 'minimumROISize': None, 'binWidth': 25, 'label': 1, 'minimumROIDimensions': 1, 'preCrop': False, 'resegmentRange': None, 'padDistance': 5}","{'distances': [1], 'additionalInfo': True, 'force2D': True, 'interpolator': 'sitkBSpline', 'resampledPixelSpacing': None, 'label': 1, 'normalizeScale': 1, 'normalize': False, 'force2Ddimension': 0, 'removeOutliers': None, 'minimumROISize': None, 'minimumROIDimensions': 2, 'preCrop': False, 'resegmentRange': None, 'padDistance': 5}","{'distances': [1], 'additionalInfo': True, 'force2D': False, 'interpolator': 'sitkBSpline', 'resampledPixelSpacing': None, 'label': 1, 'normalizeScale': 1, 'normalize': False, 'force2Ddimension': 0, 'removeOutliers': None, 'minimumROISize': None, 'binCount': 64, 'minimumROIDimensions': 2, 'preCrop': False, 'resegmentRange': None, 'padDistance': 5}","{'distances': [1], 'additionalInfo': True, 'force2D': False, 'interpolator': 'sitkBSpline', 'resampledPixelSpacing': None, 'label': 1, 'normalizeScale': 1, 'normalize': False, 'force2Ddimension': 0, 'removeOutliers': None, 'minimumROISize': None, 'binWidth': 5000, 'minimumROIDimensions': 2, 'preCrop': False, 'resegmentRange': [0], 'padDistance': 5}","{'distances': [1], 'additionalInfo': True, 'force2D': False, 'interpolator': 'sitkBSpline', 'resampledPixelSpacing': None, 'label': 1, 'normalizeScale': 100, 'normalize': True, 'force2Ddimension': 0, 'removeOutliers': None, 'minimumROISize': None, 'binWidth': 5, 'minimumROIDimensions': 2, 'preCrop': False, 'resegmentRange': None, 'padDistance': 5}","{'distances': [1], 'additionalInfo': True, 'force2D': False, 'interpolator': 'sitkBSpline', 'resampledPixelSpacing': [2, 2, 2], 'label': 1, 'normalizeScale': 1, 'normalize': False, 'force2Ddimension': 0, 'removeOutliers': None, 'minimumROISize': None, 'minimumROIDimensions': 2, 'preCrop': False, 'resegmentRange': None, 'padDistance': 5}","{'distances': [1], 'additionalInfo': True, 'resegmentMode': 'sigma', 'force2D': False, 'interpolator': 'sitkBSpline', 'resampledPixelSpacing': None, 'label': 1, 'normalizeScale': 1, 'normalize': False, 'force2Ddimension': 0, 'removeOutliers': None, 'minimumROISize': None, 'minimumROIDimensions': 2, 'preCrop': False, 'resegmentRange': [-3, 3], 'padDistance': 5}"
diagnostics_Image-original_Hash,5c9ce3ca174f0f8324aa4d277e0fef82dc5ac566,5c9ce3ca174f0f8324aa4d277e0fef82dc5ac566,5c9ce3ca174f0f8324aa4d277e0fef82dc5ac566,5c9ce3ca174f0f8324aa4d277e0fef82dc5ac566,5c9ce3ca174f0f8324aa4d277e0fef82dc5ac566,5c9ce3ca174f0f8324aa4d277e0fef82dc5ac566,5c9ce3ca174f0f8324aa4d277e0fef82dc5ac566,f2b8fbc4d5d1da08a1a70e79a301f8a830139438,f2b8fbc4d5d1da08a1a70e79a301f8a830139438,f2b8fbc4d5d1da08a1a70e79a301f8a830139438,f2b8fbc4d5d1da08a1a70e79a301f8a830139438,f2b8fbc4d5d1da08a1a70e79a301f8a830139438,f2b8fbc4d5d1da08a1a70e79a301f8a830139438,f2b8fbc4d5d1da08a1a70e79a301f8a830139438,016951a8f9e8e5de21092d9d62b77262f92e04a5,016951a8f9e8e5de21092d9d62b77262f92e04a5,016951a8f9e8e5de21092d9d62b77262f92e04a5,016951a8f9e8e5de21092d9d62b77262f92e04a5,016951a8f9e8e5de21092d9d62b77262f92e04a5,016951a8f9e8e5de21092d9d62b77262f92e04a5,016951a8f9e8e5de21092d9d62b77262f92e04a5,34dca4200809a5e76c702d6b9503d958093057a3,34dca4200809a5e76c702d6b9503d958093057a3,34dca4200809a5e76c702d6b9503d958093057a3,34dca4200809a5e76c702d6b9503d958093057a3,34dca4200809a5e76c702d6b9503d958093057a3,34dca4200809a5e76c702d6b9503d958093057a3,34dca4200809a5e76c702d6b9503d958093057a3,14f57fd04838eb8c9cca2a0dd871d29971585975,14f57fd04838eb8c9cca2a0dd871d29971585975,14f57fd04838eb8c9cca2a0dd871d29971585975,14f57fd04838eb8c9cca2a0dd871d29971585975,14f57fd04838eb8c9cca2a0dd871d29971585975,14f57fd04838eb8c9cca2a0dd871d29971585975,14f57fd04838eb8c9cca2a0dd871d29971585975
diagnostics_Image-original_Spacing,"(0.7812499999999999, 0.7812499999999999, 6.499999999999998)","(0.7812499999999999, 0.7812499999999999, 6.499999999999998)","(0.7812499999999999, 0.7812499999999999, 6.499999999999998)","(0.7812499999999999, 0.7812499999999999, 6.499999999999998)","(0.7812499999999999, 0.7812499999999999, 6.499999999999998)","(0.7812499999999999, 0.7812499999999999, 6.499999999999998)","(0.7812499999999999, 0.7812499999999999, 6.499999999999998)","(0.7812499999999999, 0.7812499999999999, 6.499999999999998)","(0.7812499999999999, 0.7812499999999999, 6.499999999999998)","(0.7812499999999999, 0.7812499999999999, 6.499999999999998)","(0.7812499999999999, 0.7812499999999999, 6.499999999999998)","(0.7812499999999999, 0.7812499999999999, 6.499999999999998)","(0.7812499999999999, 0.7812499999999999, 6.499999999999998)","(0.7812499999999999, 0.7812499999999999, 6.499999999999998)","(0.664062, 0.664062, 2.1)","(0.664062, 0.664062, 2.1)","(0.664062, 0.664062, 2.1)","(0.664062, 0.664062, 2.1)","(0.664062, 0.664062, 2.1)","(0.664062, 0.664062, 2.1)","(0.664062, 0.664062, 2.1)","(0.5703125, 0.5703125, 5.0)","(0.5703125, 0.5703125, 5.0)","(0.5703125, 0.5703125, 5.0)","(0.5703125, 0.5703125, 5.0)","(0.5703125, 0.5703125, 5.0)","(0.5703125, 0.5703125, 5.0)","(0.5703125, 0.5703125, 5.0)","(0.6269531, 0.6269531, 5.0)","(0.6269531, 0.6269531, 5.0)","(0.6269531, 0.6269531, 5.0)","(0.6269531, 0.6269531, 5.0)","(0.6269531, 0.6269531, 5.0)","(0.6269531, 0.6269531, 5.0)","(0.6269531, 0.6269531, 5.0)"
diagnostics_Mask-original_Hash,9dc2c3137b31fd872997d92c9a92d5178126d9d3,9dc2c3137b31fd872997d92c9a92d5178126d9d3,9dc2c3137b31fd872997d92c9a92d5178126d9d3,9dc2c3137b31fd872997d92c9a92d5178126d9d3,9dc2c3137b31fd872997d92c9a92d5178126d9d3,9dc2c3137b31fd872997d92c9a92d5178126d9d3,9dc2c3137b31fd872997d92c9a92d5178126d9d3,b41049c71633e194bee4891750392b72eabd8800,b41049c71633e194bee4891750392b72eabd8800,b41049c71633e194bee4891750392b72eabd8800,b41049c71633e194bee4891750392b72eabd8800,b41049c71633e194bee4891750392b72eabd8800,b41049c71633e194bee4891750392b72eabd8800,b41049c71633e194bee4891750392b72eabd8800,c45601d81c387b7c809948af79ebf173738c0b02,c45601d81c387b7c809948af79ebf173738c0b02,c45601d81c387b7c809948af79ebf173738c0b02,c45601d81c387b7c809948af79ebf173738c0b02,c45601d81c387b7c809948af79ebf173738c0b02,c45601d81c387b7c809948af79ebf173738c0b02,c45601d81c387b7c809948af79ebf173738c0b02,c9ca19983d5fe7d3e85fbfd751d979ab999caf97,c9ca19983d5fe7d3e85fbfd751d979ab999caf97,c9ca19983d5fe7d3e85fbfd751d979ab999caf97,c9ca19983d5fe7d3e85fbfd751d979ab999caf97,c9ca19983d5fe7d3e85fbfd751d979ab999caf97,c9ca19983d5fe7d3e85fbfd751d979ab999caf97,c9ca19983d5fe7d3e85fbfd751d979ab999caf97,295d315a562eb6b4ce7d5f592b6cd3558f1d5cf6,295d315a562eb6b4ce7d5f592b6cd3558f1d5cf6,295d315a562eb6b4ce7d5f592b6cd3558f1d5cf6,295d315a562eb6b4ce7d5f592b6cd3558f1d5cf6,295d315a562eb6b4ce7d5f592b6cd3558f1d5cf6,295d315a562eb6b4ce7d5f592b6cd3558f1d5cf6,295d315a562eb6b4ce7d5f592b6cd3558f1d5cf6
diagnostics_Versions_Numpy,1.14.0,1.14.0,1.14.0,1.14.0,1.14.0,1.14.0,1.14.0,1.14.0,1.14.0,1.14.0,1.14.0,1.14.0,1.14.0,1.14.0,1.14.0,1.14.0,1.14.0,1.14.0,1.14.0,1.14.0,1.14.0,1.14.0,1.14.0,1.14.0,1.14.0,1.14.0,1.14.0,1.14.0,1.14.0,1.14.0,1.14.0,1.14.0,1.14.0,1.14.0,1.14.0
diagnostics_Versions_PyWavelet,0.5.2,0.5.2,0.5.2,0.5.2,0.5.2,0.5.2,0.5.2,0.5.2,0.5.2,0.5.2,0.5.2,0.5.2,0.5.2,0.5.2,0.5.2,0.5.2,0.5.2,0.5.2,0.5.2,0.5.2,0.5.2,0.5.2,0.5.2,0.5.2,0.5.2,0.5.2,0.5.2,0.5.2,0.5.2,0.5.2,0.5.2,0.5.2,0.5.2,0.5.2,0.5.2
diagnostics_Versions_SimpleITK,0.9.1,0.9.1,0.9.1,0.9.1,0.9.1,0.9.1,0.9.1,0.9.1,0.9.1,0.9.1,0.9.1,0.9.1,0.9.1,0.9.1,0.9.1,0.9.1,0.9.1,0.9.1,0.9.1,0.9.1,0.9.1,0.9.1,0.9.1,0.9.1,0.9.1,0.9.1,0.9.1,0.9.1,0.9.1,0.9.1,0.9.1,0.9.1,0.9.1,0.9.1,0.9.1
diagnostics_Versions_PyRadiomics,1.3.0.post61.dev0+gec8ca3f,2.0.1b1.post24.dev0+g8f34e5e,2.0.1b1.post24.dev0+g8f34e5e,2.0.1b1.post24.dev0+g8f34e5e,2.0.1b1.post24.dev0+g8f34e5e,2.0.1b1.post24.dev0+g8f34e5e,2.0.1b1.post24.dev0+g8f34e5e,1.3.0.post61.dev0+gec8ca3f,2.0.1b1.post24.dev0+g8f34e5e,2.0.1b1.post24.dev0+g8f34e5e,2.0.1b1.post24.dev0+g8f34e5e,2.0.1b1.post24.dev0+g8f34e5e,2.0.1b1.post24.dev0+g8f34e5e,2.0.1b1.post24.dev0+g8f34e5e,1.3.0.post61.dev0+gec8ca3f,2.0.1b1.post24.dev0+g8f34e5e,2.0.1b1.post24.dev0+g8f34e5e,2.0.1b1.post24.dev0+g8f34e5e,2.0.1b1.post24.dev0+g8f34e5e,2.0.1b1.post24.dev0+g8f34e5e,2.0.1b1.post24.dev0+g8f34e5e,1.3.0.post61.dev0+gec8ca3f,2.0.1b1.post24.dev0+g8f34e5e,2.0.1b1.post24.dev0+g8f34e5e,2.0.1b1.post24.dev0+g8f34e5e,2.0.1b1.post24.dev0+g8f34e5e,2.0.1b1.post24.dev0+g8f34e5e,2.0.1b1.post24.dev0+g8f34e5e,1.3.0.post61.dev0+gec8ca3f,2.0.1b1.post24.dev0+g8f34e5e,2.0.1b1.post24.dev0+g8f34e5e,2.0.1b1.post24.dev0+g8f34e5e,2.0.1b1.post24.dev0+g8f34e5e,2.0.1b1.post24.dev0+g8f34e5e,2.0.1b1.post24.dev0+g8f34e5e
diagnostics_Mask-original_VolumeNum,2,2,2,2,2,2,2,1,1,1,1,1,1,1,1,1,1,1,1,1,1,1,1,1,1,1,1,1,1,1,1,1,1,1,1
diagnostics_Mask-original_VoxelNum,4137,4137,4137,4137,4137,4137,4137,453,453,453,453,453,453,453,143,143,143,143,143,143,143,837,837,837,837,837,837,837,24644,24644,24644,24644,24644,24644,24644
diagnostics_Image-original_Maximum,,3057,3057,3057,3057,3057,3057,,1523,1523,1523,1523,1523,1523,,248,248,248,248,248,248,,3071,3071,3071,3071,3071,3071,,1671,1671,1671,1671,1671,1671
diagnostics_Image-original_Mean,,385.6564080810547,385.6564080810547,385.6564080810547,385.6564080810547,385.6564080810547,385.6564080810547,,236.20217696480128,236.20217696480128,236.20217696480128,236.20217696480128,236.20217696480128,236.20217696480128,,63.380440917107585,63.380440917107585,63.380440917107585,63.380440917107585,63.380440917107585,63.380440917107585,,-577.9148241678873,-577.9148241678873,-577.9148241678873,-577.9148241678873,-577.9148241678873,-577.9148241678873,,-433.28809775680793,-433.28809775680793,-433.28809775680793,-433.28809775680793,-433.28809775680793,-433.28809775680793
diagnostics_Mask-original_CenterOfMass,,"(46.47304432559825, 16.518518098863908, 15.529610829103234)","(46.47304432559825, 16.518518098863908, 15.529610829103234)","(46.47304432559825, 16.518518098863908, 15.529610829103234)","(46.47304432559825, 16.518518098863908, 15.529610829103234)","(46.47304432559825, 16.518518098863908, 15.529610829103234)","(46.47304432559825, 16.518518098863908, 15.529610829103234)",,"(58.134312913907266, -22.717773471183904, -6.868874935124886)","(58.134312913907266, -22.717773471183904, -6.868874935124886)","(58.134312913907266, -22.717773471183904, -6.868874935124886)","(58.134312913907266, -22.717773471183904, -6.868874935124886)","(58.134312913907266, -22.717773471183904, -6.868874935124886)","(58.134312913907266, -22.717773471183904, -6.868874935124886)",,"(-100.22011741258741, -2.1432681818181933, 28.629020979021007)","(-100.22011741258741, -2.1432681818181933, 28.629020979021007)","(-100.22011741258741, -2.1432681818181933, 28.629020979021007)","(-100.22011741258741, -2.1432681818181933, 28.629020979021007)","(-100.22011741258741, -2.1432681818181933, 28.629020979021007)","(-100.22011741258741, -2.1432681818181933, 28.629020979021007)",,"(-21.85857228195937, -120.53581429211468, -611.4964157706091)","(-21.85857228195937, -120.53581429211468, -611.4964157706091)","(-21.85857228195937, -120.53581429211468, -611.4964157706091)","(-21.85857228195937, -120.53581429211468, -611.4964157706091)","(-21.85857228195937, -120.53581429211468, -611.4964157706091)","(-21.85857228195937, -120.53581429211468, -611.4964157706091)",,"(52.608755375434185, -95.86849098608988, -256.49529297192004)","(52.608755375434185, -95.86849098608988, -256.49529297192004)","(52.608755375434185, -95.86849098608988, -256.49529297192004)","(52.608755375434185, -95.86849098608988, -256.49529297192004)","(52.608755375434185, -95.86849098608988, -256.49529297192004)","(52.608755375434185, -95.86849098608988, -256.49529297192004)"
diagnostics_Mask-original_Size,,"(256, 256, 25)","(256, 256, 25)","(256, 256, 25)","(256, 256, 25)","(256, 256, 25)","(256, 256, 25)",,"(256, 256, 23)","(256, 256, 23)","(256, 256, 23)","(256, 256, 23)","(256, 256, 23)","(256, 256, 23)",,"(45, 120, 21)","(45, 120, 21)","(45, 120, 21)","(45, 120, 21)","(45, 120, 21)","(45, 120, 21)",,"(512, 512, 48)","(512, 512, 48)","(512, 512, 48)","(512, 512, 48)","(512, 512, 48)","(512, 512, 48)",,"(512, 512, 61)","(512, 512, 61)","(512, 512, 61)","(512, 512, 61)","(512, 512, 61)","(512, 512, 61)"
diagnostics_Versions_Python,,2.7.11,2.7.11,2.7.11,2.7.11,2.7.11,2.7.11,,2.7.11,2.7.11,2.7.11,2.7.11,2.7.11,2.7.11,,2.7.11,2.7.11,2.7.11,2.7.11,2.7.11,2.7.11,,2.7.11,2.7.11,2.7.11,2.7.11,2.7.11,2.7.11,,2.7.11,2.7.11,2.7.11,2.7.11,2.7.11,2.7.11
diagnostics_Image-original_Size,,"(256, 256, 25)","(256, 256, 25)","(256, 256, 25)","(256, 256, 25)","(256, 256, 25)","(256, 256, 25)",,"(256, 256, 23)","(256, 256, 23)","(256, 256, 23)","(256, 256, 23)","(256, 256, 23)","(256, 256, 23)",,"(45, 120, 21)","(45, 120, 21)","(45, 120, 21)","(45, 120, 21)","(45, 120, 21)","(45, 120, 21)",,"(512, 512, 48)","(512, 512, 48)","(512, 512, 48)","(512, 512, 48)","(512, 512, 48)","(512, 512, 48)",,"(512, 512, 61)","(512, 512, 61)","(512, 512, 61)","(512, 512, 61)","(512, 512, 61)","(512, 512, 61)"
diagnostics_Mask-original_Spacing,,"(0.7812499999999999, 0.7812499999999999, 6.499999999999998)","(0.7812499999999999, 0.7812499999999999, 6.499999999999998)","(0.7812499999999999, 0.7812499999999999, 6.499999999999998)","(0.7812499999999999, 0.7812499999999999, 6.499999999999998)","(0.7812499999999999, 0.7812499999999999, 6.499999999999998)","(0.7812499999999999, 0.7812499999999999, 6.499999999999998)",,"(0.7812499999999999, 0.7812499999999999, 6.499999999999998)","(0.7812499999999999, 0.7812499999999999, 6.499999999999998)","(0.7812499999999999, 0.7812499999999999, 6.499999999999998)","(0.7812499999999999, 0.7812499999999999, 6.499999999999998)","(0.7812499999999999, 0.7812499999999999, 6.499999999999998)","(0.7812499999999999, 0.7812499999999999, 6.499999999999998)",,"(0.664062, 0.664062, 2.1)","(0.664062, 0.664062, 2.1)","(0.664062, 0.664062, 2.1)","(0.664062, 0.664062, 2.1)","(0.664062, 0.664062, 2.1)","(0.664062, 0.664062, 2.1)",,"(0.5703125, 0.5703125, 5.0)","(0.5703125, 0.5703125, 5.0)","(0.5703125, 0.5703125, 5.0)","(0.5703125, 0.5703125, 5.0)","(0.5703125, 0.5703125, 5.0)","(0.5703125, 0.5703125, 5.0)",,"(0.6269531, 0.6269531, 5.0)","(0.6269531, 0.6269531, 5.0)","(0.6269531, 0.6269531, 5.0)","(0.6269531, 0.6269531, 5.0)","(0.6269531, 0.6269531, 5.0)","(0.6269531, 0.6269531, 5.0)"
diagnostics_Mask-original_CenterOfMassIndex,,"(186.98549673676578, 106.3562968334542, 14.38917089678511)","(186.98549673676578, 106.3562968334542, 14.38917089678511)","(186.98549673676578, 106.3562968334542, 14.38917089678511)","(186.98549673676578, 106.3562968334542, 14.38917089678511)","(186.98549673676578, 106.3562968334542, 14.38917089678511)","(186.98549673676578, 106.3562968334542, 14.38917089678511)",,"(215.21192052980132, 161.45474613686534, 8.589403973509933)","(215.21192052980132, 161.45474613686534, 8.589403973509933)","(215.21192052980132, 161.45474613686534, 8.589403973509933)","(215.21192052980132, 161.45474613686534, 8.589403973509933)","(215.21192052980132, 161.45474613686534, 8.589403973509933)","(215.21192052980132, 161.45474613686534, 8.589403973509933)",,"(24.58041958041958, 69.27272727272727, 9.132867132867133)","(24.58041958041958, 69.27272727272727, 9.132867132867133)","(24.58041958041958, 69.27272727272727, 9.132867132867133)","(24.58041958041958, 69.27272727272727, 9.132867132867133)","(24.58041958041958, 69.27272727272727, 9.132867132867133)","(24.58041958041958, 69.27272727272727, 9.132867132867133)",,"(217.6726403823178, 358.5125448028674, 33.200716845878134)","(217.6726403823178, 358.5125448028674, 33.200716845878134)","(217.6726403823178, 358.5125448028674, 33.200716845878134)","(217.6726403823178, 358.5125448028674, 33.200716845878134)","(217.6726403823178, 358.5125448028674, 33.200716845878134)","(217.6726403823178, 358.5125448028674, 33.200716845878134)",,"(355.8619542282097, 364.6708326570362, 20.70094140561597)","(355.8619542282097, 364.6708326570362, 20.70094140561597)","(355.8619542282097, 364.6708326570362, 20.70094140561597)","(355.8619542282097, 364.6708326570362, 20.70094140561597)","(355.8619542282097, 364.6708326570362, 20.70094140561597)","(355.8619542282097, 364.6708326570362, 20.70094140561597)"
diagnostics_Image-original_Minimum,,0,0,0,0,0,0,,0,0,0,0,0,0,,6,6,6,6,6,6,,-1024,-1024,-1024,-1024,-1024,-1024,,-1024,-1024,-1024,-1024,-1024,-1024
original_ngtdm_Coarseness,0.001712035271356631,0.0034382458895581315,0.0016933406627454917,1000000,0.001709232162484478,0.004141955944485033,0.001712035271356631,0.01286160865655888,0.025536902777430107,0.01260386126781299,1000000,0.012531742319064116,0.028011274295774477,0.012946544714675778,0.05082115496541082,0.052754549926217406,0.03396656696737876,1000000,0.03490849520191423,0.2378532358512382,0.05082115496541082,0.008985148289110106,0.02186103553985375,0.008500145082662705,1000000,0.008775148933238726,0.031881763727398156,0.00888163007283511,0.00020294841093398597,0.0005386982065144843,0.0001944820041400611,1000000,0.00020073022796655927,0.0011810074533933,0.00023698389592379608
original_ngtdm_Complexity,1439.5127782445836,706.6891687383172,10711.141604089136,0.0,2605.5349487969734,1468.9626367883318,1439.5127782445836,762.1820725633115,400.267087777455,6703.483980913705,0.0,4649.9251623674045,537.6986223996327,507.4593530764904,1.1746865025008222,1.124060986207037,12047.240946632275,0.0,11521.398623001449,3.5987261218661786,1.1746865025008222,617.8974921283109,258.5195658889801,7628.859849798263,0.0,583.4350514460243,1484.7362023888038,434.1651523124006,1143.6079326699098,429.30831683091867,2664.844292131969,0.0,1313.3048154768562,1076.2070056715104,226.37477081224404
original_ngtdm_Strength,0.6307314827348611,1.2794010967388814,2.3628414639086524,0,0.9249595075467266,1.6982129824583845,0.6307314827348611,3.9663129914847497,7.380693425316929,15.824161139547694,0,12.71487302248501,5.490789568445286,2.546854473405157,0.12459116813839596,0.13497700832852158,51.52661034713734,0,50.66114802478141,0.9926817795906796,0.12459116813839596,2.786428904076357,6.003191563891437,13.219745404842373,0,2.4948925229267345,11.813678505155895,1.810791824063631,0.6147204640882022,1.6387146831319181,1.0308984112827013,0,0.68218188863699,2.0013863409525596,0.08473037652432638
original_ngtdm_Contrast,0.24786529128414,0.12219502006731614,0.5229494626749287,0,0.3227752537646972,0.21438418049679162,0.24786529128414,0.12183675779998118,0.06547389079254375,0.3174582658192374,0,0.24567756695800408,0.1674265955587727,0.14602131162756624,0.06387767877695037,0.05896259455846723,1.8750594734295722,0,1.7486852248595564,0.08972146327595494,0.06387767877695037,0.1837696620986532,0.08529814394796696,0.6270514695116369,0,0.23479295599194144,0.5165943914146354,0.22621810488669333,0.028266568893221995,0.01060345557837647,0.04474140525662472,0,0.030683586599076534,0.04379729048515087,0.03425390104381483
original_ngtdm_Busyness,1.4467306835644076,0.7203830202890082,0.4063278214141464,0,1.0377683579728885,0.5858718635344792,1.4467306835644076,0.15164513751048295,0.07637576217949507,0.03745609104879939,0,0.045317357308441,0.13490108765536749,0.2619834915497879,8.904395145636023,8.578059071729959,0.019910060774267484,0,0.0197068527633496,0.7110168018256253,8.904395145636023,0.19930533973333536,0.08191688948361077,0.04096432919343648,0,0.22246140399938744,0.04791533282859767,0.3023036079101606,2.063199138709387,0.7772867657211703,1.1945396695174952,0,1.8513675495852087,0.4274156938910203,8.999703391021471
